<?xml version="1.0" encoding="UTF-8"?>
<project-private xmlns="http://www.netbeans.org/ns/project-private/1">
    <editor-bookmarks xmlns="http://www.netbeans.org/ns/editor-bookmarks/2" lastBookmarkId="0"/>
    <open-files xmlns="http://www.netbeans.org/ns/projectui-open-files/2">
        <group>
            <file>file:/C:/wamp64/www/TSRProyectoFinal/tsrfaq.html</file>
            <file>file:/C:/wamp64/www/TSRProyectoFinal/ShopCar.html</file>
            <file>file:/C:/wamp64/www/TSRProyectoFinal/stylesheets/style.css</file>
            <file>file:/C:/wamp64/www/TSRProyectoFinal/index.html</file>
            <file>file:/C:/wamp64/www/TSRProyectoFinal/tchprofile.html</file>
            <file>file:/C:/wamp64/www/TSRProyectoFinal/cursoContenido.html</file>
            <file>file:/C:/wamp64/www/TSRProyectoFinal/AboutUs.html</file>
            <file>file:/C:/wamp64/www/TSRProyectoFinal/Search.html</file>
            <file>file:/C:/wamp64/www/TSRProyectoFinal/tsrPro.html</file>
            <file>file:/C:/wamp64/www/TSRProyectoFinal/pintura-curso.html</file>
        </group>
    </open-files>
</project-private>
